Addguests (ex Campings.com),https://www.campings.com/fr/?msclkid=a533a752a98717063214c161e50e8de2&utm_source=bing&utm_medium=cpc&utm_campaign=%23BRA%20%2F%20BRA%20-%20campings.com%20(v1)&utm_term=campings%20.com&utm_content=brand%20%2F%20camping.com
Alan,https://alan.com/
Ankorstore,https://fr.ankorstore.com/
BackMarket,https://www.backmarket.fr/fr-fr
BlaBlaCar,https://www.blablacar.fr/
Chapsvision,https://www.chapsvision.fr/
Contentsquare,https://contentsquare.com/fr-fr/
DentalMonitoring,https://dentalmonitoring.com/fr/
DNAScript,https://www.dnascript.com/
Doctolib,https://www.doctolib.fr/
Ecovadis,https://ecovadis.com/fr/
Ekwateur,https://ekwateur.fr/
Electra,https://www.go-electra.com/fr/
Equativ,https://equativ.com/fr/
Exotec,https://www.exotec.com/fr/
iad,https://www.iadfrance.fr/
Ilek,https://www.ilek.fr/
Innovafeed,https://innovafeed.com/
Ledger,https://www.ledger.com/fr
Malt,https://www.malt.fr/
ManoMano,https://www.manomano.fr/
Mirakl,https://www.mirakl.com/fr-FR
Mistertemp’ group,https://www.mistertemp-group.com/
Mistral AI,https://mistral.ai/fr/
NW,https://www.nw-groupe.com/fr/
PayFit,https://payfit.com/fr/
Pennylane,https://www.pennylane.com/fr/
Pigment,https://www.pigment.com/fr
Qair,https://www.qair.energy/
Qonto,https://qonto.com/fr
SAFTI,https://www.safti.fr/
Shift Technology,https://www.shift-technology.com/fr/
Sorare,https://sorare.com/fr/
Spendesk,https://www.spendesk.com/fr/
Swile,https://www.swile.co/fr-fr
Verkor,https://verkor.com/
Vestiaire Collective,https://fr.vestiairecollective.com/
Voodoo,https://www.voodoo.io/
Weezevent,https://weezevent.com/fr/
Younited,https://www.younited-credit.com/
360 learning,https://360learning.com/fr/
Adagio,https://adagio.io/
Agicap,https://agicap.com/fr/
Agriconomie.com,https://www.agriconomie.com/
Akeneo,https://www.akeneo.com/fr/
Aledia,https://www.aledia.com/
Alma,https://almapay.com/fr-FR
Anywr,https://www.anywr-group.com/
Aqemia,https://www.aqemia.com/
Braincube,https://fr.braincube.com/
Brevo,https://www.brevo.com/fr/
Brut.,https://www.brut.media/fr
CertiDeal,https://certideal.com/
ClubFunding,https://www.clubfunding.fr/
Comet,https://www.comet.co/
CorWave,https://www.corwave.com/fr/
Crosscall,https://www.crosscall.com/
Deepki,https://www.deepki.com/fr/
Descartes Underwriting,https://descartesunderwriting.com/
Devialet,https://www.devialet.com/fr-fr/
Driiveme,https://www.driiveme.com/
Ekimetrics,https://ekimetrics.com/fr/
Exotrail,https://www.exotrail.com/
Flowdesk,https://www.flowdesk.co/
Flying Whales,https://www.flying-whales.com/
Foodles,https://www.foodles.com/
Gojob,https://gojob.com/
Greenly,https://greenly.earth/fr-fr/bilan-carbone
Groupe positive,https://www.sarbacane.com/
HappyVore,https://happyvore.com/
HelloCSE,https://www.hellocse.fr/
HOMA,https://www.homagames.com/
Hoppen,https://www.hoppen.care/
ImCheck Therapeutics,https://www.imchecktherapeutics.com/
iSupplier,https://www.isupplier.fr/
ITEN,https://www.iten.com/fr
La Belle Vie,https://www.labellevie.com/
La Fourche,https://lafourche.fr/
Le Collectionist,https://www.lecollectionist.com/fr
LeHibou,https://www.lehibou.com/
Leocare,https://leocare.eu/fr/
Libon,https://www.libon.com/
Lifen,https://www.lifen.fr/
LumApps,https://www.lumapps.com/fr/
Sumeria (ex-Lydia),https://sumeria.eu/
Madbox,https://madbox.io/
Matawan,https://matawan-mobility.com/
Medadom,https://www.medadom.com/
Mooncard,https://www.mooncard.co/
Moon surgical,https://www.moonsurgical.com/
Mylight150,https://mylight150.com/
MYM,https://mym.fans/
Opteamis,https://www.opteamis.com/
Ornikar,https://www.ornikar.com/
Pasqal,https://www.pasqal.com/
PerfectStay,https://www.perfectstay.com/fr-FR
Planity,https://www.planity.com/
Platform.sh,https://platform.sh/
PlayPlay,https://playplay.com/fr/editeur-video
Prophesee,https://www.prophesee.ai/
Seyna,https://www.seyna.eu/fr
Shares,https://shares.io/fr-fr
Singulart,https://www.singulart.com/fr/
SiPearl,https://sipearl.com/
SparingVision,https://sparingvision.com/
Swan,https://fr.swan.io/
Sweep,https://www.sweep.net/fr
TapNation,https://www.tap-nation.io/
Tissium,https://tissium.com/
TreeFrog Therapeutics,https://treefrog.fr/
Umiami,https://umiami.com/fr/accueil/
Unseenlabs,https://unseenlabs.space/
Ultra Premium,https://www.ultrapremiumdirect.com/
Virtuo,https://www.govirtuo.com/fr
Volta Medical,https://www.volta-medical.eu/fr
Waat,https://waat.fr/
WeMaintain,https://www.wemaintain.com/
Worldia,https://corp.worldia.com/
Ynsect,https://www.ynsect.com/fr/
Zeplug,https://www.zeplug.com/